metric,relative_humidity_surface,solar_radiation,surface_pressure,temperature_above_ground,total_precipiation,uv_index,wind_speed
count,375.0,375.0,375.0,375.0,375.0,375.0,375.0
mean,75.87222019466664,6299324.769419197,2430639.930982907,10.727992349333354,0.0023306346666666674,15.558495722666676,4.214707173333331
std,12.407319369210963,6088643.191363943,24140.728493365237,6.68966434353403,0.0035826902071188606,14.120343289430403,1.6652771205704922
min,38.790813,153.793102,2347524.4294869998,-7.737391000000002,0.0,0.0,1.130288
25%,67.9233165,636545.8505609999,2417996.267628,5.901252499999998,4.4e-05,1.858974,3.013862
50%,76.660684,4349558.307692,2432268.666667,10.335627999999986,0.0006519999999999999,11.833333,3.927083
75%,86.6742785,10593305.2179485,2446229.8397435,15.571555999999987,0.0030965000000000003,27.461538499999996,5.085737
max,97.059826,23009172.358974,2497243.298077,26.500328000000025,0.023294,44.0,10.517628
