metric,relative_humidity_surface,solar_radiation,surface_pressure,temperature_above_ground,total_precipiation,uv_index,wind_speed
count,375.0,375.0,375.0,375.0,375.0,375.0,375.0
mean,78.62983270933337,6544449.472252979,2428378.2087473855,9.788263010666697,0.002126434666666668,13.950585640000009,4.236514992000003
std,10.649456105740557,6234585.595760239,24425.11473232077,6.41163822961208,0.003060661632950518,13.324971930841702,1.7360222434360917
min,44.382846,419.17733799999996,2348734.751452,-7.353087999999957,0.0,0.0,1.183419
25%,71.31273,855674.6057375,2414765.3122765,5.008778000000035,8.45e-05,0.6342720000000001,2.9018630000000005
50%,79.631934,4439825.0687,2429912.063561,9.444240000000036,0.000722,10.50849,3.9165419999999997
75%,87.359835,11267442.6503575,2443481.317415,14.670499000000035,0.00278,24.169124,5.0728255
max,98.258213,22868179.772118,2495115.723972,23.96193900000003,0.017386000000000002,44.270331,11.221876
